,url
0,https://www.larepublica.net/
1,http://www.lacapital.com.ar
2,https://www.marketingdirecto.com/
3,https://www.elplural.com/
4,https://www.europapress.es/
5,https://www.diariovasco.com/
6,https://www.periodistadigital.com/
7,https://www.lavozdegalicia.es/
8,http://www.losandes.com.ar
9,https://diario.mx
10,http://diariodeibiza.es/
11,https://www.diaridetarragona.com/
12,http://www.elliberal.com.ar
13,http://www.lanueva.com
14,https://www.lavozdigital.es/
15,http://www.tycsports.com
16,https://www.diariodemallorca.es/
17,https://www.laregion.es/
18,http://www.elancasti.com.ar
19,https://www.atlantico.net/
20,https://cronicaglobal.elespanol.com/
21,https://www.lavozdebolivia.com/
22,https://www.bolivia.com/
23,http://www.Perfil.com
24,https://www.resultados-futbol.com/
25,https://442.perfil.com/
26,https://noticias.perfil.com
27,https://cryptopotato.com/
28,https://caras.perfil.com
29,http://lavozdeasturias.es/
30,https://panamericana.pe/
31,https://www.eldiariodechihuahua.mx
32,https://pix-geeks.com
33,https://www.elperiodic.com/
34,https://www.diariosigloxxi.com
35,http://www.elchubut.com.ar
36,https://www.tiemposur.com.ar/
37,http://www.canal26.com
38,https://www.emprendedores.es/
39,https://elcorreoweb.es/
40,http://www.sevillaactualidad.com/
41,https://www.granadadigital.es/
42,https://www.madridiario.es/
43,https://www.eldigitaldealbacete.com/
44,http://subrayado.com.uy
45,http://www.elonce.com
46,https://www.puromarketing.com/
47,https://www.coinspeaker.com/
48,https://www.diariodemorelos.com/
49,https://www.diariocritico.com
50,https://www.azonline.de/
51,http://www.unoentrerios.com.ar
52,https://www.cinemascomics.com/
53,http://www.elsol.com.ar
54,https://www.besoccer.com/
55,https://www.elprogreso.es/
56,http://www.unosantafe.com.ar
57,http://www.diariodemocracia.com
58,https://pt.besoccer.com/
59,https://fr.besoccer.com/
60,https://vinetur.com
61,https://it.besoccer.com/
62,https://www.eldestapeweb.com/
63,https://es.besoccer.com/
64,http://www.ellitoral.com.ar
65,https://www.diarionorte.com/
66,http://www.tiempodesanjuan.com
67,http://andaluciainformacion.es/
68,https://www.eldesconcierto.cl/
69,https://redhistoria.com/
70,https://www.lavozdealmeria.com/
71,http://aragondigital.es/
72,https://www.estadiodeportivo.com/
73,http://www.canalnet.tv
74,https://www.driverscloud.com/
75,https://www.trecebits.com/
76,https://www.diariodepontevedra.es/
77,https://www.dbalears.cat/
78,http://www.donbalon.com/
79,https://elcierredigital.com/
80,https://www.elperiodista.cl/
81,https://www.bigbangnews.com/
82,https://wiwsport.com/
83,https://www.14ymedio.com/
84,http://regiondigital.com/
85,https://www.cotilleo.es/
86,http://www.mendozapost.com
87,https://www.nuevatribuna.es/
88,http://esdiario.com/
89,http://www.galiciaconfidencial.com/
90,https://www.elobservatodo.cl/
91,http://www.diarioelargentino.com.ar
92,https://www.elmorrocotudo.cl/
93,https://www.elmira.es/
94,https://www.galiciapress.es/
95,https://www.ecoticias.com/
96,https://laopinionaustral.com.ar
97,http://www.eldiarioar.com
98,http://www.eltucumano.com
99,https://larazon.pe/
100,https://www.mundiario.com/
101,https://www.elcontribuyente.mx/
102,http://ecosdelcombeima.com
103,http://www.gentedigital.es/
104,http://www.diariohuarpe.com
105,https://www.elboletin.com/
106,http://www.kreiszeitung-wochenblatt.de
107,https://www.atodomotor.com/
108,https://www.generation-nt.com/
109,https://www.cronica.com.mx/
110,https://www.poblanerias.com/
111,https://lapublicidad.net
112,http://www.diarioeltiempo.com.ar
113,http://thebossmagazine.com
114,https://huelvabuenasnoticias.com/
115,https://www.reportmotori.it
116,https://www.cadizdirecto.com
117,https://www.riazor.org
118,https://lacronicadesalamanca.com/
119,https://vl-media.fr/
120,http://zamoranews.com
121,http://www.carasycaretas.com.uy
122,http://www.baenegocios.com
123,https://www.diariobahiadecadiz.com/
124,http://huelva24.com
125,https://www.praguepost.com/
126,https://www.zonamovilidad.es/
127,https://www.alwihdainfo.com/
128,http://www.lv12.com.ar
129,http://palencia.portaldetuciudad.com/
130,http://www.laarena.com.ar
131,https://www.estrelladigital.es
132,https://huelvaya.es/
133,https://www.lr21.com.uy/
134,https://catalunyadiari.com/
135,https://www.metropoliabierta.com/
136,http://www.diariopopular.com.ar
137,http://www.elcivismo.com.ar
138,http://www.diariolamanana.com.ar
139,https://www.elperiodicodeaqui.com/
140,https://tercerainformacion.es/
141,http://www.eldiariosur.com
142,https://www.pamplonaactual.com/
143,https://periodistas-es.com/
144,https://www.cinconoticias.com/
145,https://golsmedia.com/
146,https://www.galiciadigital.com/
147,https://miamidiario.com/
148,https://www.clm24.es/
149,https://www.mediterraneodigital.com/
150,https://www.mi-lorenteggio.com/
151,https://columnacero.com
152,https://avilared.com/
153,https://www.nexofin.com/
154,http://elheraldodesaltillo.mx/
155,https://cordobadeporte.com/
156,https://www.elmartutino.cl/
157,https://revistacoiffure.com/
158,http://www.elpopular.com.ar
159,http://www.teleprensa.com/
160,https://www.ciclo21.com/
161,https://www.burgosnoticias.com/
162,http://noticiasdelaciencia.com/
163,http://pysnnoticias.com/
164,https://www.analitica.com/
165,http://prensafutbol.cl/
166,https://turquesanews.mx
167,https://www.cordobahoy.es/
168,https://www.sme-news.co.uk/
169,http://www.alertadigital.com
170,https://www.cultture.com/
171,https://www.la7tv.es/
172,https://www.ceutaactualidad.com/
173,http://www.diariocronica.com.ar
174,https://ceutaldia.com
175,https://www.topteny.com
176,http://encastillalamancha.es
177,https://www.elnortero.cl/
178,http://www.francenetinfos.com
179,https://www.elrancahuaso.cl/
180,https://www.elrepuertero.cl/
181,http://www.nuevarioja.com.ar
182,https://www.madridesnoticia.es/
183,https://almeria360.com/
184,https://www.giornaledipuglia.com/
185,https://bembibredigital.com/
186,http://www.dailynewsen.com/
187,https://elmiradordemadrid.es/
188,https://www.gomeranoticias.com/
189,https://www.economiadehoy.es/
190,https://www.utreradigital.com/
191,https://www.noticiasdealmeria.com/
192,http://www.vivieloeste.com.ar
193,https://diariodetransporte.com/
194,https://murciaeconomia.com/
195,http://www.lavozdelpueblo.com.ar
196,http://www.veintitres.com.ar
197,https://nostresport.com
198,https://epmundo.com
199,https://realpolitik.com.ar/
200,http://www.eldiaonline.com
201,https://www.donostitik.com/
202,https://www.economiaengalicia.com/
203,https://elperiodicodevillena.com/
204,https://noticiasmercedinas.com/
205,http://www.diario7lagos.com.ar
206,https://www.tuvozenpinares.com/
207,https://www.sportcartagena.es/
208,https://unionrayo.es
209,https://tsnnecochea.com.ar/
210,http://objetivocastillalamancha.es
211,http://www.villamariaya.com
212,http://www.primiciasya.com
213,https://www.elamaule.cl/
214,https://www.elnaveghable.cl/
215,https://eldiadigital.es/
216,https://www.dicyt.com/
217,http://diariojuridico.com
218,https://www.noticiasdeaveiro.pt
219,https://www.acn.com.ve
220,https://adn-mundo.com/
221,http://lavozdeltrubia.es/
222,http://www.diarioel9dejulio.com.ar
223,https://elmen.pe/
224,https://lacontradejaen.com/
225,https://argentina.viajando.travel
226,https://rondasomontano.com/
227,https://www.lavozdealcala.com/
228,http://www.lareforma.com.ar
229,https://lavozdechile.com/
230,https://www.sangavinomonreale.net/
231,https://www.actualidad.es/
232,https://caudetedigital.com/
233,https://www.culemania.com/
234,https://www.quepasanacosta.gal/
235,http://www.lucenahoy.com/
236,https://elcorreodeespana.com/
237,https://www.salentosport.net/
238,https://el-periodico.com.ar/
239,http://www.lamañanaonline.com.ar
240,http://economiademallorca.com/
241,http://diariodemarratxi.com
242,http://lavozdecataratas.com/
243,https://www.laregioninternacional.com/
244,http://nortexpres.com
245,http://grandesmedios.com/
246,http://areacucuta.com
247,https://www.eliberico.com/
248,https://www.cuartopoder.es/
249,https://mascolombia.com
250,https://www.eldiestro.es/
251,https://www.elmagacin.com/
252,https://elcorreo.ae/
253,https://granadaesnoticia.com
254,https://menorcaaldia.com/
255,http://www.everardoherrera.com
256,https://www.gamergen.com/
257,https://www.futbolasturiano.es/
258,https://www.universityherald.com/
259,http://manchainformacion.com/
260,https://www.ildigitale.it
261,https://www.cuencanews.es/
262,https://www.elmagallanews.cl/
263,http://puertoplatadigital.com/
264,https://www.news-sports.it/
265,http://www.elheraldo.com.ar
266,https://www.tintaamarilla.es/
267,https://elperiodicodeyecla.com/
268,https://contactohoy.com.mx/
269,https://www.elquehaydecierto.cl/
270,https://digitalsevilla.com/
271,https://marketerosdehoy.com/
272,https://elregionalpiura.com.pe/
273,http://noticiasgalicia.com/
274,https://zonaretiro.com/
275,https://aionsur.com/
276,https://latribunadelpaisvasco.com/
277,https://aquienlasierra.es/
278,https://noticiasetecnologia.com/
279,https://www.granadaenjuego.com
280,https://contrainformacion.es/
281,https://www.elconcecuente.cl/
282,https://www.barcelonahoy.es/
283,https://madmenmagazine.com
284,https://www.grossetonotizie.com/
285,http://www.electroinstalador.com
286,https://www.elvacanudo.cl/
287,https://www.somoscomarca.es/
288,https://elagora.digital
289,http://elheraldoslp.com.mx/
290,https://www.laopinon.cl/
291,https://www.elboyaldia.cl/
292,https://www.quepasa.com.ve/
293,https://www.adiantegalicia.es/
294,https://www.espormadrid.es/
295,https://araucanianoticias.cl/
296,http://www.canale58.com/
297,https://futbolretro.es/
298,http://www.camionactualidad.es/
299,https://todosport.pe
300,https://www.gipuzkoagaur.com/
301,https://www.saludadiario.es/
302,https://elmercurio.com.mx/
303,http://www.elorden.com
304,https://madridpress.com/
305,https://www.plazanueva.com/
306,http://www.lanzarotedeportiva.com/
307,http://www.larazondechivilcoy.com.ar
308,http://digitaldeleon.com/
309,http://sunoticiero.com/
310,https://www.ciudadregion.com/
311,http://vivimoslanoticia.cl
312,http://viuvalencia.com
313,https://www.thebestf1.es/
314,https://harodigital.com/
315,https://diariobalear.com/
316,https://diarioaragones.com/
317,https://tur43.es/
318,https://tenemosnoticias.com/
319,https://jellypages.com/
320,https://www.rock-progresivo.com
321,https://www.cantabriaeconomica.com/
322,https://www.sitesmexico.com/
323,https://gironanoticies.com/
324,http://asturiasmundial.com/
325,https://aqui.madrid/
326,https://www.elperiodico.digital
327,http://www.diariolavozdelchaco.com/
328,https://www.xcatalunya.cat
329,https://www.noticiasvigo.es/
330,http://noticiasdelavilla.net/
331,https://xornalgalicia.com/
332,https://www.redpres.com/
333,https://masjerez.com/
334,https://www.indonewyork.com/
335,https://www.fuenlabradanoticias.com/
336,http://www.almediam.org/
337,https://laflecha.net
338,http://el7set.es/
339,https://www.euromundoglobal.com/
340,http://elsiglo.com.gt/
341,https://www.viajesylugares.com
342,http://diariodelujan.com
343,https://elsolweb.tv
344,https://www.porconocer.com
345,https://www.avancedeportivo.es/
346,http://diarioaxarquia.com
347,https://www.sitiosargentina.com.ar/
348,http://www.radiopopularsanluis.com.ar
349,https://rommurcia.es
350,https://elportaldemexico.com/
351,http://sevillainfo.es
352,https://www.territoris.cat/
353,https://laopiniondetorrent.es/
354,https://www.diariocontraste.com/
355,https://vidapositiva.com/
356,https://elchino.pe/
357,https://diariolaregion.com/
358,https://confirmado.net/
359,https://noticialdia.com/
360,https://www.tandildiario.com/
361,https://www.albaceteabierto.es/
362,https://pordentrodeminas.com.br
363,https://www.zoomtecnologico.com
364,https://www.soy-de.com/
365,https://noticiclismo.com
366,https://majadahondamagazin.es/
367,https://21noticias.com/
368,https://www.diariodotamega.es/
369,http://www.eldigitaldeasturias.com
370,https://www.tentudiadirecto.com/
371,https://www.mesosona.cat/
372,https://sevillabuenasnoticias.com/
373,https://eldigitaldeasturias.com/magazine365/
374,http://www.berlinamateurs.com
375,https://librosaguilar.com/
376,http://eldigitaldecanarias.net/
377,http://www.lapalabradelobos.com
378,https://papeldigital.info/
379,https://www.kxan36news.com/
380,http://www.navarra.com/
381,http://elseisdoble.com/
382,https://www.elmeridiano.es/
383,https://www.lavozdelasubbetica.es/
384,https://infoarenales.com
385,http://coolthingschicago.com/
386,http://cartagenadiario.es
387,http://periodicotribuna.com.ar
388,http://cameroun24.net/
389,https://zaragozabuenasnoticias.com/
390,https://elsoldechiapas.com/
391,https://revistadelvalles.es/
392,https://www.cartagenadehoy.com
393,https://beaumondetraveler.com/
394,https://www.aramultimedia.com/
395,https://www.diarioelectronicohoy.com/
396,https://www.diariosigno.com/
397,http://www.sociedaduruguaya.org/
398,http://www.giornaledimontesilvano.com
399,https://thediplomatinspain.com/
400,http://www.diario-elmensajero.com.ar
401,https://nation.com.mx/
402,https://www.revistacloudcomputing.com
403,http://navarrainformacion.es
404,https://www.ileon.com/
405,https://www.fibraopticahoy.com/
406,https://trendings.es/
407,https://www.coolturemag.com/
408,https://alsoldelacosta.com/
409,https://timis.es/
410,https://www.globaldomainsnews.com/
411,http://www.eldeber.com.bo
412,https://www.qhn.es/
413,https://diario21.com.mx
414,http://www.doshermanasinfo.com/
415,https://www.tarancondigital.es/
416,https://www.4semanas.com/
417,https://www.maulee.cl/
418,https://miputumayo.com.co
419,https://www.tribunamaresme.com/
420,https://www.leganews.es/
421,https://noticiasextremadura.es
422,https://masdecultura.com/
423,https://portaldenoticias.com.ar/
424,http://www.radiofmq.com
425,https://revistahush.com
426,http://tecnovedosos.com/
427,https://sticknoticias.com/
428,https://tecnologia21.com
429,https://elperiodicovenezolano.com
430,https://www.nice-premium.com/
431,http://www.decotidien.com/
432,https://www.usanews.net/
433,https://www.lagospostng.com/
434,https://sueldospublicos.eleconomista.es
435,https://www.newsforpublic.com/
436,https://www.noticias24h.eu
437,https://www.comunicacionesinalambricashoy.com/
438,https://www.infonews.com/
439,https://www.deportedelsur.com/
440,https://panoramadirecto.com/
441,https://bajoaragondigital.com/
442,https://oaxacacapital.com/
443,https://entretenimientobit.com/
444,https://www.noticias-positivas.com/
445,https://www.noticierodigital.com/
446,https://lavozdegijon.es/
447,https://almeria24h.com/
448,https://laroja.com.mx/
449,https://www.malagaldia.es/
450,https://www.revistarambla.com/
451,https://www.tudelahoy.com/
452,https://periodicoeldia.mx/
453,https://turiski.es
454,http://www.tottarragona.cat/
455,https://www.pulsopolitico.com.mx/
456,http://fuencarralelpardo.com
457,https://diarioalicante.es/
458,http://www.e6d.es/
459,https://notimundo.com.mx/
460,https://ebuenasnoticias.com/
461,https://nuestropais.mx/
462,https://expertosenmedicinaestetica.es/
463,https://villaviciosadigital.es/
464,https://www.somvalles.cat/
465,http://www.pulsoturistico.com.ar
466,http://infosurdiario.com.ar/
467,http://www.eschaco.com/
468,http://www.compromisodiario.com.ar
469,https://www.mundolapalma.es/
470,https://www.europa24horas.com/
471,https://hoyunclick.es/
472,https://www.fxtribune.com/
473,https://diadelsur.com/
474,https://www.agenciadenoticias.es/
475,https://www.eltelegrama.com/
476,https://nuevocronica.es/
477,https://t21.pe
478,https://hemerotecatarragonadigital.com/
479,https://www.tynpanama.com/
480,https://elmercurioweb.com/
481,http://www.blancosobrenegro.es
482,https://www.islasbaleares24horas.com/
483,http://www.gomeraactualidad.com/
484,http://www.industriaembebidahoy.com/
485,https://senzasoste.it/
486,http://tangodiario.com.ar/
487,https://madridmarket.es/
488,http://www.tn24.com.ar/
489,https://www.elfaro.es/
490,https://impactocna.com/
491,http://alicantehoy.es/
492,https://gatitarosa.com/
493,https://www.zigmaz.com/
494,https://www.administradores.com.br
495,https://deportesextremadura.es/
496,https://www.numanzia.com/
497,https://madriddigital24horas.com/
498,http://alertanacional.es
499,http://www.jornadaonline.com
500,https://barcelonadigital24horas.com/
501,https://www.noticiasdesantiagodecuba.com/
502,https://riojaactual.com/
503,https://www.valdepenasdigital.com/
504,http://www.diariolanube.com/
505,http://ecoaldia.com/
506,https://www.wirenewsfax.com/
507,https://infowod.com
508,https://www.bizkaiagaur.com/
509,https://elportaluco.com/
510,https://buenosairesnoduerme.com.ar/
511,https://www.mivoz.cl/
512,https://www.manzanillonews.mx
513,https://barnadiario.com
514,http://www.canariasnoticias.es
515,https://www.recnews.it
516,https://www.diariodosalnes.es/
517,https://generacionfenix.com/
518,https://www.santanderdigital24horas.com/
519,https://barcelonanoticies.com/
520,https://www.valladoliddigital24horas.com/
521,http://www.subbeticahoy.com/
522,https://citandalucia.com/
523,https://www.corunahoy.es/
524,https://www.quijotedigital.es/
525,https://laprimera.pe/
526,https://pulpfictioncine.com
527,https://cadizenred.com
528,https://www.compartir-tecnologias.es/
529,https://www.zaragoza24horas.com/
530,https://radioaula.es/
531,http://www.laserenaonline.cl/
532,http://www.elcotidiano.es
533,http://www.dib.com.ar
534,https://www.emprendedores2020.es/
535,https://www.noveldadigital.es/
536,https://diarioaguijon.com/
537,https://www.viajes24horas.com/
538,https://www.cordobatimes.com/
539,https://www.eldiariovalenciano.com
540,https://www.extremaduradigital24horas.com/
541,https://www.fichajazo.com/
542,http://www.codexverde.cl
543,https://www.reconcavonews.com
544,https://www.burgosdigital24horas.com/
545,https://www.thecheers.org/
546,https://www.culturartsgeneralitat.es/
547,https://elnacional-noticias.com/
548,https://asturgalicia.net/
549,https://cancunactivo.com.mx/
550,https://globatium.com/
551,https://studio9tv.com/
552,https://berjadigital.es/
553,https://www.elmawkefalarabi.com/
554,https://www.cadiz24horas.com/
555,https://sevilla24horas.com/
556,https://www.pergaminoverdad.com.ar
557,https://galiciadigital24horas.com/
558,https://cordoba24horas.com/
559,https://bilbaodigital24horas.com/
560,https://andorranoticies.com/
561,https://candas365.es/
562,https://www.tribunamunicipal.es/
563,https://www.periodicoelbuscador.com/
564,https://portalnco.com.br
565,https://www.vitoria24horas.com/
566,https://www.aricahoy.cl/
567,https://cantabriadigital24horas.com/
568,https://www.palenciadigital24horas.com/
569,https://www.galiciadiario.com/
570,https://radioarroba.com
571,https://www.sansebastian24horas.com/
572,http://www.instaladoresdetelecomhoy.com/
573,http://www.diarioshow.com
574,https://octavadigital.com/
575,https://www.thetravellercook.com/
576,https://pamplona24horas.com/
577,https://madrid-noticias.com/
578,https://elradar.mx/
579,https://lacapitaldelsol.com
580,https://valencia24horas.com/
581,https://www.periodico24.com/
582,https://channelnewsperu.com
583,https://lleidanoticies.com/
584,https://boadilladigital.es/
585,https://www.tercertiemporugby.com.ar/
586,https://diariosalta.info/
587,http://www.futbolizados.com
588,https://www.newsiosity.com/
589,https://pantalladeportiva.com/
590,https://lapostadelnoroeste.com.ar/
591,http://www.noticiasdeljerezrural.es/
592,https://noticias-hoy.com/
593,https://granada24horas.com/
594,http://diariodigital24.com.ar/
595,https://www.instrumentacionhoy.com/
596,https://www.diaribalear.es/
597,https://www.tugaleaks.com
598,https://colombianews.info/
599,https://murciadigital24horas.com/
600,https://castillalamancha24horas.com/
601,https://etiquetalia.es/
602,https://www.interbenavente.es
603,https://concentradonoticias.com/
604,https://neg-ocio.com
605,https://www.periodicorociero.es
606,http://www.rosarionet.com.ar/
607,https://periodicoelemprendedor.com/
608,https://asturias24horas.com/
609,https://lariojadigital24horas.com/
610,https://www.horapunta.com/
611,https://www.hispamer.es
612,https://www.distritovillaverde.com/
613,http://www.laopinion.com.ar
614,https://www.estadiodigital.es/
615,https://www.valledelguadalhorce.org
616,https://catalunyanoticies.com/
617,https://lavozdeperu.com/
618,https://cadizbuenasnoticias.com/
619,http://www.diariolaopinion.com.ar
620,http://www.pagina12web.com.ar/
621,https://diarionoticiasweb.net/
622,https://iessnoticias.com/
623,https://islascanarias24horas.com/
624,http://www.laverdadayacucho.com.ar
625,http://www.guiaturista.com.mx
626,https://oknoticias.website/
627,http://www.bejarnoticias.es/
628,https://laeconomia.cl/
629,https://www.lavozdeavila.com/
630,https://www.alagoasweb.com/
631,https://accesorios-movil.com/
632,https://costabravagirona.org/
633,https://madridbuenasnoticias.com/
634,https://www.cronicalocal.es/
635,https://alicante24horas.com/
636,https://monitordolar.com
637,http://www.avilahoy.es
638,http://www.pisuergahoy.es
639,https://bilbaobuenasnoticias.com/
640,http://www.mdctv.com/
641,http://www.varelaaldia.com.ar
642,https://180gradosquindio.com/
643,http://www.30dias.es
644,http://www.cuyomotor.com.ar
645,http://www.zaffiromagazine.com
646,https://tarragonanoticias.com/
647,https://diarioelhierro.com/
648,https://eldiariodelatinoamerica.com/
649,https://www.expertosenestetica.es/
650,https://bitacora.me
651,https://www.noticiasparaempresas.com
652,http://diarioprensadelinterior.com/
653,https://www.turismotv.com/
654,http://www.lavozdebragado.com.ar
655,https://malaga24horas.com/
656,https://necocheanews.com.ar
657,https://metro-noticias.com/
658,http://www.eldiariobalcarce.com.ar
659,http://www.massalamancahoy.es
660,https://www.lasextacuerda.com
661,https://www.tuga.press
662,https://www.estiloysalud.es/
663,https://diarioarganzuela.com
664,https://santiago24horas.com/
665,https://followingcancun.com/
666,https://cambiomoneda.cl/
667,http://www.guiaturista.com.pe
668,http://pymeonline.es/
669,http://www.hoyrojas.com.ar
670,https://empresa-actual.com/
671,http://www.guiaturista.es
672,https://www.upitravel.com
673,https://castellon24horas.com/
674,http://www.lapalabradeezeiza.com.ar
675,https://elalgarlosurrutiasdehoy.com/
676,https://www.opinar.online/
677,http://rockmelodico.com/
678,https://malagabuenasnoticias.com/
679,http://www.noticiaspehuajo.com.ar
680,https://portaldelempleo.es
681,https://sexologiafemenina.com/
682,https://elcronistaindependiente.com
683,http://www.laschicassonguerreras.es/
684,https://valenciabuenasnoticias.com/
685,https://www.forbesargentina.com/
686,https://ultimasnoticiashoy.com/
687,https://andalucia-noticias.com/
688,https://impuestorenta.cl/
689,https://www.maulenoticias.cl/
690,http://torrelavega24horas.com/
691,https://guijuelonoticias.com/
692,https://criptoides.com/
693,https://elperiodicodelmotor.es/
694,https://sevilla-noticias.com/
695,http://spacionoticias.com.ar/
696,http://www.cuatrovientosnoticias.com/
697,https://www.murciastartup.com/
698,https://www.lavozdelascostureras.com/
699,https://catalunyameteo.com/
700,https://www.tabarnia.org/web/
701,http://infodiari.com
702,http://www.massalamanca.info
703,http://www.noticiasdesegovia.es
704,https://www.revistaciberseguridad.com
705,http://www.cmmusica.com.ar
706,https://criptoperiodico.com/
707,https://axarquiahoy.com
708,https://www.lacabrilla.com
709,https://moondo.info/es/
710,https://www.moncayoempresarial.com/
711,https://turinoticiascyl.com/
712,http://www.smartnesshealth.com
713,https://www.viajeschat.com/
714,https://lasalud.es/
715,https://periodicolocal.es
716,https://balearesnoticias.com/
717,https://ilheus.online/
718,https://lahojasintinta.com/
719,http://emnoticias.info
720,https://www.territoriomag.es/femenino/
721,https://www.territoriomag.es/salud/
722,http://www.onlyincordoba.com.ar
723,https://www.territoriomag.es/masculino/
724,https://kaoticnews.com/
725,https://www.territoriomag.es/hogar/
726,https://www.territoriomag.es/internet/
727,https://digital58.com.ve/site/
728,https://mundocripto.news/
729,https://www.imagendelosvallecaucanos.com/web/
730,https://cinetvymas.com.mx/
731,http://www.cronica.com.ar/depo
732,https://www.territoriomag.es/deporte/
733,https://www.territoriomag.es/ocio/
734,http://www.eltribuno.com/salta
735,https://www.europapress.es/
736,http://www.lacapital.com.ar
737,https://www.lavozdegalicia.es/
738,https://www.periodistadigital.com/
739,https://www.larepublica.net/
740,http://www.losandes.com.ar
741,https://www.elplural.com/
742,https://www.diariovasco.com/
743,https://www.marketingdirecto.com/
744,https://diario.mx
745,http://diariodeibiza.es/
746,https://www.lavozdigital.es/
747,http://www.elliberal.com.ar
748,http://www.lanueva.com
749,https://www.diaridetarragona.com/
750,https://www.diariodemallorca.es/
751,http://www.tycsports.com
752,http://www.elancasti.com.ar
753,https://www.atlantico.net/
754,https://www.laregion.es/
755,https://www.lavozdebolivia.com/
756,https://cryptopotato.com/
757,https://442.perfil.com/
758,https://cronicaglobal.elespanol.com/
759,https://noticias.perfil.com
760,https://www.resultados-futbol.com/
761,https://www.bolivia.com/
762,http://www.Perfil.com
763,https://caras.perfil.com
764,https://www.eldiariodechihuahua.mx
765,http://lavozdeasturias.es/
766,https://pix-geeks.com
767,https://www.elperiodic.com/
768,https://panamericana.pe/
769,http://www.elchubut.com.ar
770,https://www.tiemposur.com.ar/
771,http://www.canal26.com
772,https://www.emprendedores.es/
773,https://elcorreoweb.es/
774,https://www.diariosigloxxi.com
775,https://www.granadadigital.es/
776,http://www.sevillaactualidad.com/
777,http://subrayado.com.uy
778,https://www.madridiario.es/
779,http://www.elonce.com
780,https://www.eldigitaldealbacete.com/
781,https://www.puromarketing.com/
782,https://www.coinspeaker.com/
783,https://www.diariodemorelos.com/
784,https://www.diariocritico.com
785,https://www.eldesconcierto.cl/
786,http://www.unoentrerios.com.ar
787,http://www.elsol.com.ar
788,https://www.elprogreso.es/
789,http://www.ellitoral.com.ar
790,http://www.diariodemocracia.com
791,http://www.tiempodesanjuan.com
792,https://www.cinemascomics.com/
793,https://pt.besoccer.com/
794,https://es.besoccer.com/
795,https://www.eldestapeweb.com/
796,http://www.unosantafe.com.ar
797,https://www.diarionorte.com/
798,https://www.azonline.de/
799,https://www.besoccer.com/
800,https://vinetur.com
801,https://fr.besoccer.com/
802,http://andaluciainformacion.es/
803,https://it.besoccer.com/
804,https://redhistoria.com/
805,https://www.lavozdealmeria.com/
806,http://www.donbalon.com/
807,http://www.canalnet.tv
808,http://aragondigital.es/
809,http://regiondigital.com/
810,https://www.14ymedio.com/
811,https://www.driverscloud.com/
812,https://www.dbalears.cat/
813,https://www.estadiodeportivo.com/
814,https://www.diariodepontevedra.es/
815,https://www.bigbangnews.com/
816,https://www.elperiodista.cl/
817,https://www.trecebits.com/
818,https://wiwsport.com/
819,https://elcierredigital.com/
820,http://www.mendozapost.com
821,https://www.nuevatribuna.es/
822,https://www.cotilleo.es/
823,https://www.elobservatodo.cl/
824,http://www.diarioelargentino.com.ar
825,http://www.galiciaconfidencial.com/
826,http://esdiario.com/
827,https://www.galiciapress.es/
828,https://laopinionaustral.com.ar
829,https://www.elmira.es/
830,https://www.elmorrocotudo.cl/
831,https://www.ecoticias.com/
832,https://larazon.pe/
833,https://www.mundiario.com/
834,http://www.eltucumano.com
835,http://www.diariohuarpe.com
836,https://www.elcontribuyente.mx/
837,http://www.gentedigital.es/
838,http://www.eldiarioar.com
839,http://ecosdelcombeima.com
840,https://www.generation-nt.com/
841,https://www.atodomotor.com/
842,https://www.poblanerias.com/
843,https://www.cronica.com.mx/
844,https://www.elboletin.com/
845,http://www.kreiszeitung-wochenblatt.de
846,https://www.reportmotori.it
847,http://thebossmagazine.com
848,https://www.cadizdirecto.com
849,http://www.diarioeltiempo.com.ar
850,https://lapublicidad.net
851,https://huelvabuenasnoticias.com/
852,http://www.carasycaretas.com.uy
853,https://www.riazor.org
854,https://lacronicadesalamanca.com/
855,http://zamoranews.com
856,https://vl-media.fr/
857,https://www.alwihdainfo.com/
858,https://www.estrelladigital.es
859,http://www.baenegocios.com
860,http://palencia.portaldetuciudad.com/
861,http://www.diariopopular.com.ar
862,https://www.metropoliabierta.com/
863,https://www.praguepost.com/
864,https://www.diariobahiadecadiz.com/
865,http://www.laarena.com.ar
866,http://huelva24.com
867,https://www.lr21.com.uy/
868,http://www.lv12.com.ar
869,https://huelvaya.es/
870,https://www.zonamovilidad.es/
871,https://catalunyadiari.com/
872,https://tercerainformacion.es/
873,http://www.eldiariosur.com
874,http://www.diariolamanana.com.ar
875,https://www.elperiodicodeaqui.com/
876,http://www.elcivismo.com.ar
877,https://www.nexofin.com/
878,https://www.mi-lorenteggio.com/
879,https://golsmedia.com/
880,https://www.cinconoticias.com/
881,https://www.clm24.es/
882,https://periodistas-es.com/
883,https://miamidiario.com/
884,https://columnacero.com
885,https://www.mediterraneodigital.com/
886,https://www.galiciadigital.com/
887,https://avilared.com/
888,https://www.pamplonaactual.com/
889,https://revistacoiffure.com/
890,https://cordobadeporte.com/
891,http://www.elpopular.com.ar
892,https://www.elmartutino.cl/
893,http://elheraldodesaltillo.mx/
894,https://www.analitica.com/
895,http://www.teleprensa.com/
896,http://noticiasdelaciencia.com/
897,https://www.ciclo21.com/
898,https://www.cordobahoy.es/
899,http://prensafutbol.cl/
900,https://turquesanews.mx
901,http://pysnnoticias.com/
902,https://www.burgosnoticias.com/
903,http://www.diariocronica.com.ar
904,http://encastillalamancha.es
905,https://www.topteny.com
906,http://www.alertadigital.com
907,https://www.sme-news.co.uk/
908,https://www.cultture.com/
909,https://www.la7tv.es/
910,https://ceutaldia.com
911,https://www.ceutaactualidad.com/
912,https://www.madridesnoticia.es/
913,http://www.francenetinfos.com
914,https://almeria360.com/
915,http://www.nuevarioja.com.ar
916,https://www.elrepuertero.cl/
917,https://www.elrancahuaso.cl/
918,https://www.elnortero.cl/
919,https://www.gomeranoticias.com/
920,https://bembibredigital.com/
921,https://elmiradordemadrid.es/
922,https://www.economiadehoy.es/
923,https://www.giornaledipuglia.com/
924,http://www.dailynewsen.com/
925,http://www.eldiaonline.com
926,https://diariodetransporte.com/
927,https://realpolitik.com.ar/
928,https://epmundo.com
929,https://www.donostitik.com/
930,https://www.utreradigital.com/
931,https://www.noticiasdealmeria.com/
932,https://nostresport.com
933,http://www.veintitres.com.ar
934,https://murciaeconomia.com/
935,https://www.economiaengalicia.com/
936,https://elperiodicodevillena.com/
937,http://www.lavozdelpueblo.com.ar
938,http://www.vivieloeste.com.ar
939,http://www.villamariaya.com
940,https://noticiasmercedinas.com/
941,https://www.elamaule.cl/
942,https://www.sportcartagena.es/
943,http://www.diario7lagos.com.ar
944,http://www.primiciasya.com
945,http://objetivocastillalamancha.es
946,https://www.tuvozenpinares.com/
947,https://tsnnecochea.com.ar/
948,https://unionrayo.es
949,https://www.lavozdealcala.com/
950,https://adn-mundo.com/
951,https://www.noticiasdeaveiro.pt
952,https://eldiadigital.es/
953,http://www.diarioel9dejulio.com.ar
954,https://argentina.viajando.travel
955,https://lacontradejaen.com/
956,http://diariojuridico.com
957,http://lavozdeltrubia.es/
958,https://www.elnaveghable.cl/
959,https://rondasomontano.com/
960,https://www.dicyt.com/
961,https://www.acn.com.ve
962,https://elmen.pe/
963,http://grandesmedios.com/
964,https://www.salentosport.net/
965,https://lavozdechile.com/
966,https://www.actualidad.es/
967,http://www.lucenahoy.com/
968,http://diariodemarratxi.com
969,http://nortexpres.com
970,https://caudetedigital.com/
971,https://el-periodico.com.ar/
972,https://www.quepasanacosta.gal/
973,http://www.lareforma.com.ar
974,http://areacucuta.com
975,http://www.lamañanaonline.com.ar
976,https://elcorreodeespana.com/
977,https://www.laregioninternacional.com/
978,https://www.sangavinomonreale.net/
979,http://economiademallorca.com/
980,https://www.culemania.com/
981,http://lavozdecataratas.com/
982,https://elcorreo.ae/
983,http://manchainformacion.com/
984,https://www.elmagacin.com/
985,https://www.universityherald.com/
986,https://www.futbolasturiano.es/
987,https://mascolombia.com
988,https://granadaesnoticia.com
989,https://www.gamergen.com/
990,https://www.cuartopoder.es/
991,https://menorcaaldia.com/
992,https://www.eliberico.com/
993,https://www.eldiestro.es/
994,http://www.everardoherrera.com
995,https://www.cuencanews.es/
996,https://www.tintaamarilla.es/
997,https://elperiodicodeyecla.com/
998,https://www.ildigitale.it
999,http://www.elheraldo.com.ar
1000,https://www.elmagallanews.cl/
1001,http://puertoplatadigital.com/
1002,https://www.news-sports.it/
1003,https://contactohoy.com.mx/
1004,https://www.elquehaydecierto.cl/
1005,https://elregionalpiura.com.pe/
1006,https://aquienlasierra.es/
1007,https://digitalsevilla.com/
1008,http://noticiasgalicia.com/
1009,https://aionsur.com/
1010,https://noticiasetecnologia.com/
1011,https://marketerosdehoy.com/
1012,https://latribunadelpaisvasco.com/
1013,https://zonaretiro.com/
1014,https://madmenmagazine.com
1015,https://www.elvacanudo.cl/
1016,https://elagora.digital
1017,https://www.granadaenjuego.com
1018,https://www.adiantegalicia.es/
1019,https://contrainformacion.es/
1020,https://www.elboyaldia.cl/
1021,https://www.elconcecuente.cl/
1022,https://www.quepasa.com.ve/
1023,https://www.laopinon.cl/
1024,https://www.espormadrid.es/
1025,https://www.grossetonotizie.com/
1026,https://www.barcelonahoy.es/
1027,http://www.electroinstalador.com
1028,http://elheraldoslp.com.mx/
1029,https://www.somoscomarca.es/
1030,https://elmercurio.com.mx/
1031,https://todosport.pe
1032,https://www.gipuzkoagaur.com/
1033,http://www.camionactualidad.es/
1034,https://madridpress.com/
1035,http://www.canale58.com/
1036,https://www.plazanueva.com/
1037,https://araucanianoticias.cl/
1038,http://www.elorden.com
1039,https://www.saludadiario.es/
1040,https://futbolretro.es/
1041,http://www.larazondechivilcoy.com.ar
1042,https://www.thebestf1.es/
1043,http://vivimoslanoticia.cl
1044,http://viuvalencia.com
1045,http://sunoticiero.com/
1046,http://www.lanzarotedeportiva.com/
1047,https://harodigital.com/
1048,https://www.ciudadregion.com/
1049,http://digitaldeleon.com/
1050,https://jellypages.com/
1051,https://tenemosnoticias.com/
1052,https://www.sitesmexico.com/
1053,https://diarioaragones.com/
1054,http://asturiasmundial.com/
1055,https://www.elperiodico.digital
1056,https://diariobalear.com/
1057,http://www.diariolavozdelchaco.com/
1058,https://aqui.madrid/
1059,https://tur43.es/
1060,https://gironanoticies.com/
1061,https://www.rock-progresivo.com
1062,https://www.cantabriaeconomica.com/
1063,https://www.noticiasvigo.es/
1064,http://noticiasdelavilla.net/
1065,https://xornalgalicia.com/
1066,http://el7set.es/
1067,http://elsiglo.com.gt/
1068,https://www.xcatalunya.cat
1069,https://www.indonewyork.com/
1070,https://www.fuenlabradanoticias.com/
1071,http://www.almediam.org/
1072,https://www.redpres.com/
1073,https://laflecha.net
1074,https://masjerez.com/
1075,https://www.euromundoglobal.com/
1076,https://elsolweb.tv
1077,http://diariodelujan.com
1078,https://www.viajesylugares.com
1079,https://www.sitiosargentina.com.ar/
1080,https://www.avancedeportivo.es/
1081,https://www.porconocer.com
1082,http://www.radiopopularsanluis.com.ar
1083,http://diarioaxarquia.com
1084,https://laopiniondetorrent.es/
1085,https://diariolaregion.com/
1086,https://rommurcia.es
1087,https://www.territoris.cat/
1088,https://confirmado.net/
1089,https://elchino.pe/
1090,https://elportaldemexico.com/
1091,http://sevillainfo.es
1092,https://vidapositiva.com/
1093,https://www.diariocontraste.com/
1094,https://www.zoomtecnologico.com
1095,https://www.albaceteabierto.es/
1096,https://noticialdia.com/
1097,https://majadahondamagazin.es/
1098,https://www.soy-de.com/
1099,https://www.tandildiario.com/
1100,https://pordentrodeminas.com.br
1101,https://noticiclismo.com
1102,https://sevillabuenasnoticias.com/
1103,http://eldigitaldecanarias.net/
1104,https://librosaguilar.com/
1105,https://www.diariodotamega.es/
1106,http://www.berlinamateurs.com
1107,https://www.tentudiadirecto.com/
1108,http://www.eldigitaldeasturias.com
1109,https://www.mesosona.cat/
1110,https://21noticias.com/
1111,https://eldigitaldeasturias.com/magazine365/
1112,https://papeldigital.info/
1113,http://www.navarra.com/
1114,http://www.lapalabradelobos.com
1115,http://coolthingschicago.com/
1116,https://www.elmeridiano.es/
1117,http://elseisdoble.com/
1118,https://infoarenales.com
1119,https://www.kxan36news.com/
1120,http://cartagenadiario.es
1121,https://www.lavozdelasubbetica.es/
1122,http://cameroun24.net/
1123,http://periodicotribuna.com.ar
1124,https://zaragozabuenasnoticias.com/
1125,https://elsoldechiapas.com/
1126,https://revistadelvalles.es/
1127,https://www.aramultimedia.com/
1128,https://beaumondetraveler.com/
1129,https://www.cartagenadehoy.com
1130,http://navarrainformacion.es
1131,https://thediplomatinspain.com/
1132,https://www.diarioelectronicohoy.com/
1133,https://trendings.es/
1134,http://www.diario-elmensajero.com.ar
1135,http://www.giornaledimontesilvano.com
1136,https://www.diariosigno.com/
1137,http://www.sociedaduruguaya.org/
1138,https://www.ileon.com/
1139,https://nation.com.mx/
1140,https://www.revistacloudcomputing.com
1141,https://www.fibraopticahoy.com/
1142,https://alsoldelacosta.com/
1143,https://www.qhn.es/
1144,https://www.leganews.es/
1145,https://www.globaldomainsnews.com/
1146,http://www.eldeber.com.bo
1147,https://www.coolturemag.com/
1148,https://miputumayo.com.co
1149,https://www.tribunamaresme.com/
1150,http://www.doshermanasinfo.com/
1151,https://www.4semanas.com/
1152,https://www.tarancondigital.es/
1153,https://www.maulee.cl/
1154,https://timis.es/
1155,https://diario21.com.mx
1156,http://tecnovedosos.com/
1157,https://masdecultura.com/
1158,https://elperiodicovenezolano.com
1159,https://tecnologia21.com
1160,https://revistahush.com
1161,https://sticknoticias.com/
1162,https://portaldenoticias.com.ar/
1163,http://www.decotidien.com/
1164,http://www.radiofmq.com
1165,https://noticiasextremadura.es
1166,https://www.nice-premium.com/
1167,https://sueldospublicos.eleconomista.es
1168,https://www.newsforpublic.com/
1169,https://www.lagospostng.com/
1170,https://www.usanews.net/
1171,https://www.infonews.com/
1172,https://bajoaragondigital.com/
1173,https://panoramadirecto.com/
1174,https://www.noticias24h.eu
1175,https://www.deportedelsur.com/
1176,https://oaxacacapital.com/
1177,https://www.comunicacionesinalambricashoy.com/
1178,https://laroja.com.mx/
1179,https://www.malagaldia.es/
1180,https://almeria24h.com/
1181,https://www.noticias-positivas.com/
1182,https://www.noticierodigital.com/
1183,https://lavozdegijon.es/
1184,https://entretenimientobit.com/
1185,https://www.revistarambla.com/
1186,http://www.tottarragona.cat/
1187,http://fuencarralelpardo.com
1188,https://diarioalicante.es/
1189,http://www.e6d.es/
1190,https://turiski.es
1191,https://periodicoeldia.mx/
1192,https://www.pulsopolitico.com.mx/
1193,https://www.tudelahoy.com/
1194,https://ebuenasnoticias.com/
1195,https://www.somvalles.cat/
1196,https://notimundo.com.mx/
1197,https://nuestropais.mx/
1198,https://expertosenmedicinaestetica.es/
1199,https://villaviciosadigital.es/
1200,http://www.pulsoturistico.com.ar
1201,http://www.eschaco.com/
1202,http://www.compromisodiario.com.ar
1203,http://infosurdiario.com.ar/
1204,https://www.europa24horas.com/
1205,https://www.mundolapalma.es/
1206,https://diadelsur.com/
1207,https://www.fxtribune.com/
1208,https://www.eltelegrama.com/
1209,https://hoyunclick.es/
1210,https://www.agenciadenoticias.es/
1211,http://www.gomeraactualidad.com/
1212,http://www.blancosobrenegro.es
1213,https://hemerotecatarragonadigital.com/
1214,http://www.industriaembebidahoy.com/
1215,https://www.islasbaleares24horas.com/
1216,https://www.tynpanama.com/
1217,https://nuevocronica.es/
1218,https://elmercurioweb.com/
1219,https://t21.pe
1220,https://senzasoste.it/
1221,https://madridmarket.es/
1222,https://www.elfaro.es/
1223,https://www.numanzia.com/
1224,https://www.administradores.com.br
1225,https://madriddigital24horas.com/
1226,https://gatitarosa.com/
1227,https://impactocna.com/
1228,https://www.zigmaz.com/
1229,http://www.tn24.com.ar/
1230,http://tangodiario.com.ar/
1231,http://alicantehoy.es/
1232,https://deportesextremadura.es/
1233,http://ecoaldia.com/
1234,http://www.jornadaonline.com
1235,http://www.diariolanube.com/
1236,http://alertanacional.es
1237,https://www.valdepenasdigital.com/
1238,https://www.noticiasdesantiagodecuba.com/
1239,https://riojaactual.com/
1240,https://barcelonadigital24horas.com/
1241,https://buenosairesnoduerme.com.ar/
1242,https://elportaluco.com/
1243,https://generacionfenix.com/
1244,https://www.mivoz.cl/
1245,https://barnadiario.com
1246,https://www.recnews.it
1247,https://www.bizkaiagaur.com/
1248,https://www.santanderdigital24horas.com/
1249,https://www.manzanillonews.mx
1250,https://www.diariodosalnes.es/
1251,http://www.canariasnoticias.es
1252,https://infowod.com
1253,https://www.wirenewsfax.com/
1254,https://barcelonanoticies.com/
1255,https://www.corunahoy.es/
1256,https://laprimera.pe/
1257,https://www.quijotedigital.es/
1258,https://citandalucia.com/
1259,http://www.subbeticahoy.com/
1260,https://www.valladoliddigital24horas.com/
1261,http://www.elcotidiano.es
1262,http://www.dib.com.ar
1263,https://diarioaguijon.com/
1264,https://pulpfictioncine.com
1265,https://www.zaragoza24horas.com/
1266,http://www.laserenaonline.cl/
1267,https://www.noveldadigital.es/
1268,https://radioaula.es/
1269,https://cadizenred.com
1270,https://www.compartir-tecnologias.es/
1271,https://www.emprendedores2020.es/
1272,https://www.cordobatimes.com/
1273,https://www.viajes24horas.com/
1274,https://www.thecheers.org/
1275,https://www.burgosdigital24horas.com/
1276,https://www.eldiariovalenciano.com
1277,https://www.reconcavonews.com
1278,http://www.codexverde.cl
1279,https://www.extremaduradigital24horas.com/
1280,https://www.fichajazo.com/
1281,https://cancunactivo.com.mx/
1282,https://studio9tv.com/
1283,https://elnacional-noticias.com/
1284,https://globatium.com/
1285,https://asturgalicia.net/
1286,https://www.culturartsgeneralitat.es/
1287,https://berjadigital.es/
1288,https://www.pergaminoverdad.com.ar
1289,https://www.elmawkefalarabi.com/
1290,https://sevilla24horas.com/
1291,https://www.cadiz24horas.com/
1292,https://bilbaodigital24horas.com/
1293,https://www.vitoria24horas.com/
1294,https://www.tribunamunicipal.es/
1295,https://www.aricahoy.cl/
1296,https://candas365.es/
1297,https://cordoba24horas.com/
1298,https://portalnco.com.br
1299,https://andorranoticies.com/
1300,https://www.periodicoelbuscador.com/
1301,https://galiciadigital24horas.com/
1302,https://www.thetravellercook.com/
1303,https://www.palenciadigital24horas.com/
1304,https://www.sansebastian24horas.com/
1305,http://www.diarioshow.com
1306,https://cantabriadigital24horas.com/
1307,https://www.galiciadiario.com/
1308,https://octavadigital.com/
1309,https://radioarroba.com
1310,http://www.instaladoresdetelecomhoy.com/
1311,https://madrid-noticias.com/
1312,https://elradar.mx/
1313,https://pamplona24horas.com/
1314,https://valencia24horas.com/
1315,https://www.periodico24.com/
1316,https://lacapitaldelsol.com
1317,https://lleidanoticies.com/
1318,https://www.newsiosity.com/
1319,http://www.futbolizados.com
1320,https://channelnewsperu.com
1321,https://boadilladigital.es/
1322,https://www.tercertiemporugby.com.ar/
1323,https://diariosalta.info/
1324,https://pantalladeportiva.com/
1325,https://www.instrumentacionhoy.com/
1326,https://noticias-hoy.com/
1327,http://diariodigital24.com.ar/
1328,https://lapostadelnoroeste.com.ar/
1329,https://granada24horas.com/
1330,http://www.noticiasdeljerezrural.es/
1331,https://neg-ocio.com
1332,https://concentradonoticias.com/
1333,https://www.tugaleaks.com
1334,https://etiquetalia.es/
1335,https://colombianews.info/
1336,https://www.interbenavente.es
1337,https://www.diaribalear.es/
1338,https://castillalamancha24horas.com/
1339,https://murciadigital24horas.com/
1340,https://www.hispamer.es
1341,https://periodicoelemprendedor.com/
1342,http://www.rosarionet.com.ar/
1343,https://www.horapunta.com/
1344,https://lariojadigital24horas.com/
1345,https://www.distritovillaverde.com/
1346,http://www.laopinion.com.ar
1347,https://asturias24horas.com/
1348,https://www.periodicorociero.es
1349,https://www.valledelguadalhorce.org
1350,https://catalunyanoticies.com/
1351,https://lavozdeperu.com/
1352,https://www.estadiodigital.es/
1353,https://cadizbuenasnoticias.com/
1354,https://diarionoticiasweb.net/
1355,http://www.diariolaopinion.com.ar
1356,http://www.pagina12web.com.ar/
1357,https://islascanarias24horas.com/
1358,https://iessnoticias.com/
1359,http://www.laverdadayacucho.com.ar
1360,http://www.guiaturista.com.mx
1361,https://oknoticias.website/
1362,http://www.bejarnoticias.es/
1363,https://accesorios-movil.com/
1364,https://www.alagoasweb.com/
1365,https://costabravagirona.org/
1366,https://laeconomia.cl/
1367,https://www.lavozdeavila.com/
1368,https://madridbuenasnoticias.com/
1369,https://www.cronicalocal.es/
1370,https://monitordolar.com
1371,https://alicante24horas.com/
1372,http://www.avilahoy.es
1373,http://www.pisuergahoy.es
1374,http://www.cuyomotor.com.ar
1375,http://www.mdctv.com/
1376,https://bilbaobuenasnoticias.com/
1377,https://180gradosquindio.com/
1378,http://www.varelaaldia.com.ar
1379,http://www.30dias.es
1380,https://eldiariodelatinoamerica.com/
1381,https://bitacora.me
1382,https://www.expertosenestetica.es/
1383,https://diarioelhierro.com/
1384,http://www.zaffiromagazine.com
1385,https://tarragonanoticias.com/
1386,https://www.noticiasparaempresas.com
1387,http://www.lavozdebragado.com.ar
1388,http://diarioprensadelinterior.com/
1389,https://www.turismotv.com/
1390,https://malaga24horas.com/
1391,http://www.massalamancahoy.es
1392,http://www.eldiariobalcarce.com.ar
1393,https://www.tuga.press
1394,https://www.lasextacuerda.com
1395,https://metro-noticias.com/
1396,https://necocheanews.com.ar
1397,http://www.guiaturista.com.pe
1398,https://diarioarganzuela.com
1399,https://santiago24horas.com/
1400,https://followingcancun.com/
1401,https://www.estiloysalud.es/
1402,https://cambiomoneda.cl/
1403,https://empresa-actual.com/
1404,http://www.hoyrojas.com.ar
1405,http://pymeonline.es/
1406,http://www.guiaturista.es
1407,https://elalgarlosurrutiasdehoy.com/
1408,https://www.upitravel.com
1409,https://castellon24horas.com/
1410,http://www.lapalabradeezeiza.com.ar
1411,https://elcronistaindependiente.com
1412,http://rockmelodico.com/
1413,https://valenciabuenasnoticias.com/
1414,https://malagabuenasnoticias.com/
1415,https://www.opinar.online/
1416,https://sexologiafemenina.com/
1417,https://portaldelempleo.es
1418,http://www.noticiaspehuajo.com.ar
1419,http://www.laschicassonguerreras.es/
1420,https://ultimasnoticiashoy.com/
1421,https://www.forbesargentina.com/
1422,https://impuestorenta.cl/
1423,https://www.maulenoticias.cl/
1424,https://andalucia-noticias.com/
1425,http://torrelavega24horas.com/
1426,https://sevilla-noticias.com/
1427,http://spacionoticias.com.ar/
1428,http://www.cuatrovientosnoticias.com/
1429,https://guijuelonoticias.com/
1430,https://elperiodicodelmotor.es/
1431,https://criptoides.com/
1432,https://www.murciastartup.com/
1433,https://www.lavozdelascostureras.com/
1434,https://catalunyameteo.com/
1435,http://infodiari.com
1436,https://www.tabarnia.org/web/
1437,http://www.cmmusica.com.ar
1438,http://www.noticiasdesegovia.es
1439,http://www.massalamanca.info
1440,https://criptoperiodico.com/
1441,https://www.revistaciberseguridad.com
1442,https://axarquiahoy.com
1443,https://www.lacabrilla.com
1444,https://turinoticiascyl.com/
1445,https://moondo.info/es/
1446,https://www.moncayoempresarial.com/
1447,https://lasalud.es/
1448,http://www.smartnesshealth.com
1449,https://www.viajeschat.com/
1450,https://balearesnoticias.com/
1451,https://ilheus.online/
1452,https://periodicolocal.es
1453,https://lahojasintinta.com/
1454,http://emnoticias.info
1455,https://www.territoriomag.es/hogar/
1456,http://www.cronica.com.ar/depo
1457,https://digital58.com.ve/site/
1458,https://www.territoriomag.es/salud/
1459,https://www.territoriomag.es/ocio/
1460,http://www.onlyincordoba.com.ar
1461,https://cinetvymas.com.mx/
1462,https://www.territoriomag.es/deporte/
1463,https://kaoticnews.com/
1464,https://www.territoriomag.es/masculino/
1465,https://www.territoriomag.es/internet/
1466,https://www.imagendelosvallecaucanos.com/web/
1467,https://mundocripto.news/
1468,https://www.territoriomag.es/femenino/
1469,http://www.eltribuno.com/salta
